Date,Time,Elapsed (s),246A Temp,246B Temp,246C Temp, Flags,
05/20/2024,20:18:42:597,0.000,21.72,21.47,22.07,,
05/20/2024,20:18:43:97,0.500,21.72,21.47,22.08,,
05/20/2024,20:18:43:597,1.000,21.72,21.46,22.08,,
05/20/2024,20:18:44:97,1.500,21.72,21.46,22.08,,
05/20/2024,20:18:44:597,2.000,21.72,21.46,22.08,,
05/20/2024,20:18:45:97,2.500,21.72,21.46,22.08,,
05/20/2024,20:18:45:597,3.000,21.71,21.47,22.07,,
05/20/2024,20:18:46:97,3.500,21.71,21.46,22.07,,
05/20/2024,20:18:46:597,4.000,21.71,21.46,22.07,,
05/20/2024,20:18:47:97,4.500,21.71,21.47,22.07,,
05/20/2024,20:18:47:597,5.000,21.71,21.48,22.07,,
05/20/2024,20:18:48:97,5.500,21.71,21.47,22.08,,
05/20/2024,20:18:48:597,6.000,21.71,21.47,22.07,,
05/20/2024,20:18:49:97,6.500,21.71,21.46,22.07,,
05/20/2024,20:18:49:597,7.000,21.71,21.46,22.07,,
05/20/2024,20:18:50:97,7.500,21.72,21.47,22.06,,
05/20/2024,20:18:50:597,8.000,21.72,21.47,22.07,,
05/20/2024,20:18:51:97,8.500,21.71,21.46,22.07,,
05/20/2024,20:18:51:597,9.000,21.72,21.45,22.08,,
05/20/2024,20:18:52:97,9.500,21.72,21.44,22.08,,
05/20/2024,20:18:52:597,10.000,21.73,21.44,22.08,,
05/20/2024,20:18:53:97,10.500,21.73,21.45,22.08,,
05/20/2024,20:18:53:597,11.000,21.73,21.45,22.08,,
05/20/2024,20:18:54:97,11.500,21.73,21.44,22.08,,
05/20/2024,20:18:54:597,12.000,21.73,21.44,22.08,,
05/20/2024,20:18:55:97,12.500,21.73,21.44,22.07,,
05/20/2024,20:18:55:597,13.000,21.73,21.45,22.07,,
05/20/2024,20:18:56:97,13.500,21.73,21.44,22.08,,
05/20/2024,20:18:56:597,14.000,21.73,21.44,22.08,,
05/20/2024,20:18:57:97,14.500,21.73,21.45,22.07,,
05/20/2024,20:18:57:597,15.000,21.73,21.45,22.07,,
05/20/2024,20:18:58:97,15.500,21.73,21.45,22.07,,
05/20/2024,20:18:58:597,16.000,21.73,21.44,22.08,,
05/20/2024,20:18:59:97,16.500,21.73,21.44,22.08,,
05/20/2024,20:18:59:597,17.000,21.73,21.43,22.08,,
05/20/2024,20:19:00:97,17.500,21.73,21.44,22.07,,
05/20/2024,20:19:00:597,18.000,21.73,21.45,22.07,,
05/20/2024,20:19:01:97,18.500,21.73,21.45,22.08,,
05/20/2024,20:19:01:597,19.000,21.73,21.45,22.08,,
05/20/2024,20:19:02:97,19.500,21.73,21.45,22.07,,
05/20/2024,20:19:02:597,20.000,21.73,21.45,22.06,,
05/20/2024,20:19:03:97,20.500,21.73,21.46,22.07,,
05/20/2024,20:19:03:597,21.000,21.73,21.45,22.08,,
05/20/2024,20:19:04:97,21.500,21.72,21.45,22.07,,
05/20/2024,20:19:04:597,22.000,21.72,21.47,22.06,,
05/20/2024,20:19:05:97,22.500,21.71,21.47,22.06,,
05/20/2024,20:19:05:597,23.000,21.71,21.47,22.08,,
05/20/2024,20:19:06:97,23.500,21.71,21.47,22.08,,
05/20/2024,20:19:06:597,24.000,21.71,21.46,22.08,,
05/20/2024,20:19:07:97,24.500,21.71,21.46,22.08,,
05/20/2024,20:19:07:597,25.000,21.71,21.46,22.08,,
05/20/2024,20:19:08:97,25.500,21.71,21.46,22.07,,
05/20/2024,20:19:08:597,26.000,21.71,21.46,22.07,,
05/20/2024,20:19:09:97,26.500,21.71,21.46,22.07,,
05/20/2024,20:19:09:597,27.000,21.71,21.47,22.07,,
05/20/2024,20:19:10:97,27.500,21.71,21.48,22.07,,
05/20/2024,20:19:10:597,28.000,21.71,21.48,22.07,,
05/20/2024,20:19:11:97,28.500,21.71,21.47,22.08,,
05/20/2024,20:19:11:597,29.000,21.72,21.46,22.08,,
05/20/2024,20:19:12:97,29.500,21.72,21.46,22.08,,
05/20/2024,20:19:12:597,30.000,21.72,21.46,22.06,,
05/20/2024,20:19:13:97,30.500,21.72,21.46,22.06,,
05/20/2024,20:19:13:597,31.000,21.72,21.46,22.06,,
05/20/2024,20:19:14:97,31.500,21.72,21.46,22.07,,
05/20/2024,20:19:14:597,32.000,21.72,21.45,22.08,,
05/20/2024,20:19:15:97,32.500,21.72,21.45,22.08,,
05/20/2024,20:19:15:597,33.000,21.72,21.46,22.08,,
05/20/2024,20:19:16:97,33.500,21.72,21.47,22.08,,
05/20/2024,20:19:16:597,34.000,21.72,21.48,22.07,,
05/20/2024,20:19:17:97,34.500,21.72,21.48,22.08,,
05/20/2024,20:19:17:597,35.000,21.71,21.48,22.08,,
05/20/2024,20:19:18:97,35.500,21.71,21.47,22.08,,
05/20/2024,20:19:18:597,36.000,21.71,21.48,22.08,,
05/20/2024,20:19:19:97,36.500,21.71,21.48,22.08,,
05/20/2024,20:19:19:597,37.000,21.71,21.48,22.08,,
05/20/2024,20:19:20:97,37.500,21.71,21.49,22.07,,
05/20/2024,20:19:20:597,38.000,21.71,21.49,22.07,,
05/20/2024,20:19:21:97,38.500,21.71,21.49,22.07,,
05/20/2024,20:19:21:597,39.000,21.71,21.49,22.07,,
05/20/2024,20:19:22:97,39.500,21.71,21.50,22.07,,
05/20/2024,20:19:22:597,40.000,21.71,21.50,22.08,,
05/20/2024,20:19:23:97,40.500,21.71,21.49,22.08,,
05/20/2024,20:19:23:597,41.000,21.71,21.49,22.08,,
05/20/2024,20:19:24:97,41.500,21.72,21.49,22.08,,
05/20/2024,20:19:24:597,42.000,21.72,21.49,22.07,,
05/20/2024,20:19:25:97,42.500,21.72,21.49,22.07,,
05/20/2024,20:19:25:597,43.000,21.72,21.48,22.08,,
05/20/2024,20:19:26:97,43.500,21.72,21.47,22.09,,
05/20/2024,20:19:26:597,44.000,21.73,21.47,22.09,,
05/20/2024,20:19:27:97,44.500,21.73,21.47,22.09,,
05/20/2024,20:19:27:597,45.000,21.73,21.48,22.08,,
05/20/2024,20:19:28:97,45.500,21.72,21.49,22.08,,
05/20/2024,20:19:28:597,46.000,21.72,21.50,22.09,,
05/20/2024,20:19:29:97,46.500,21.72,21.50,22.09,,
05/20/2024,20:19:29:597,47.000,21.71,21.50,22.08,,
05/20/2024,20:19:30:97,47.500,21.71,21.50,22.07,,
05/20/2024,20:19:30:597,48.000,21.71,21.50,22.08,,
05/20/2024,20:19:31:97,48.500,21.71,21.50,22.08,,
05/20/2024,20:19:31:597,49.000,21.72,21.50,22.09,,
05/20/2024,20:19:32:97,49.500,21.72,21.49,22.08,,
05/20/2024,20:19:32:597,50.000,21.72,21.50,22.08,,
05/20/2024,20:19:33:97,50.500,21.72,21.50,22.08,,
05/20/2024,20:19:33:597,51.000,21.72,21.51,22.08,,
05/20/2024,20:19:34:97,51.500,21.72,21.51,22.10,,
05/20/2024,20:19:34:597,52.000,21.72,21.50,22.10,,
05/20/2024,20:19:35:97,52.500,21.72,21.49,22.10,,
05/20/2024,20:19:35:597,53.000,21.72,21.48,22.09,,
05/20/2024,20:19:36:97,53.500,21.73,21.49,22.08,,
05/20/2024,20:19:36:597,54.000,21.72,21.49,22.08,,
05/20/2024,20:19:37:97,54.500,21.72,21.49,22.08,,
05/20/2024,20:19:37:597,55.000,21.72,21.49,22.09,,
05/20/2024,20:19:38:97,55.500,21.73,21.48,22.10,,
05/20/2024,20:19:38:597,56.000,21.72,21.49,22.10,,
05/20/2024,20:19:39:97,56.500,21.72,21.50,22.09,,
05/20/2024,20:19:39:597,57.000,21.71,21.51,22.09,,
05/20/2024,20:19:40:97,57.500,21.71,21.51,22.10,,
05/20/2024,20:19:40:597,58.000,21.71,21.50,22.10,,
05/20/2024,20:19:41:97,58.500,21.71,21.50,22.10,,
05/20/2024,20:19:41:597,59.000,21.71,21.50,22.10,,
05/20/2024,20:19:42:97,59.500,21.71,21.50,22.10,,
05/20/2024,20:19:42:597,60.000,21.71,21.51,22.09,,
05/20/2024,20:19:43:97,60.500,21.71,21.50,22.09,,
05/20/2024,20:19:43:597,61.000,21.71,21.50,22.09,,
05/20/2024,20:19:44:97,61.500,21.71,21.50,22.09,,
05/20/2024,20:19:44:597,62.000,21.71,21.51,22.08,,
05/20/2024,20:19:45:97,62.500,21.71,21.51,22.09,,
05/20/2024,20:19:45:597,63.000,21.71,21.50,22.09,,
05/20/2024,20:19:46:97,63.500,21.72,21.49,22.09,,
05/20/2024,20:19:46:597,64.000,21.72,21.50,22.09,,
05/20/2024,20:19:47:97,64.500,21.72,21.51,22.09,,
05/20/2024,20:19:47:597,65.000,21.72,21.51,22.09,,
05/20/2024,20:19:48:97,65.500,21.72,21.50,22.10,,
05/20/2024,20:19:48:597,66.000,21.72,21.49,22.10,,
05/20/2024,20:19:49:97,66.500,21.72,21.49,22.11,,
05/20/2024,20:19:49:597,67.000,21.72,21.48,22.10,,
05/20/2024,20:19:50:97,67.500,21.73,21.49,22.09,,
05/20/2024,20:19:50:597,68.000,21.72,21.51,22.09,,
05/20/2024,20:19:51:97,68.500,21.72,21.51,22.10,,
05/20/2024,20:19:51:597,69.000,21.72,21.51,22.10,,
05/20/2024,20:19:52:97,69.500,21.71,21.51,22.10,,
05/20/2024,20:19:52:597,70.000,21.71,21.51,22.10,,
05/20/2024,20:19:53:97,70.500,21.71,21.52,22.11,,
05/20/2024,20:19:53:597,71.000,21.72,21.52,22.11,,
05/20/2024,20:19:54:97,71.500,21.72,21.51,22.11,,
05/20/2024,20:19:54:597,72.000,21.72,21.51,22.10,,
05/20/2024,20:19:55:97,72.500,21.72,21.51,22.10,,
05/20/2024,20:19:55:597,73.000,21.72,21.52,22.09,,
05/20/2024,20:19:56:97,73.500,21.72,21.52,22.10,,
05/20/2024,20:19:56:597,74.000,21.72,21.52,22.10,,
05/20/2024,20:19:57:97,74.500,21.71,21.51,22.11,,
05/20/2024,20:19:57:597,75.000,21.72,21.50,22.11,,
05/20/2024,20:19:58:97,75.500,21.72,21.50,22.10,,
05/20/2024,20:19:58:597,76.000,21.72,21.50,22.09,,
05/20/2024,20:19:59:97,76.500,21.72,21.51,22.10,,
05/20/2024,20:19:59:597,77.000,21.73,21.50,22.10,,
05/20/2024,20:20:00:97,77.500,21.73,21.50,22.10,,
05/20/2024,20:20:00:597,78.000,21.73,21.49,22.10,,
05/20/2024,20:20:01:97,78.500,21.72,21.50,22.10,,
05/20/2024,20:20:01:597,79.000,21.72,21.52,22.09,,
05/20/2024,20:20:02:97,79.500,21.71,21.52,22.09,,
05/20/2024,20:20:02:597,80.000,21.71,21.52,22.10,,
05/20/2024,20:20:03:97,80.500,21.71,21.51,22.10,,
05/20/2024,20:20:03:597,81.000,21.71,21.51,22.10,,
05/20/2024,20:20:04:97,81.500,21.71,21.51,22.10,,
05/20/2024,20:20:04:597,82.000,21.71,21.52,22.10,,
05/20/2024,20:20:05:97,82.500,21.71,21.52,22.09,,
05/20/2024,20:20:05:597,83.000,21.71,21.52,22.09,,
05/20/2024,20:20:06:97,83.500,21.71,21.52,22.10,,
05/20/2024,20:20:06:597,84.000,21.71,21.52,22.10,,
05/20/2024,20:20:07:97,84.500,21.71,21.52,22.09,,
05/20/2024,20:20:07:597,85.000,21.71,21.53,22.09,,
05/20/2024,20:20:08:97,85.500,21.71,21.51,22.10,,
05/20/2024,20:20:08:597,86.000,21.72,21.50,22.11,,
05/20/2024,20:20:09:97,86.500,21.72,21.51,22.11,,
05/20/2024,20:20:09:597,87.000,21.72,21.51,22.09,,
05/20/2024,20:20:10:97,87.500,21.72,21.51,22.09,,
05/20/2024,20:20:10:597,88.000,21.72,21.51,22.09,,
05/20/2024,20:20:11:97,88.500,21.72,21.50,22.10,,
05/20/2024,20:20:11:597,89.000,21.72,21.50,22.11,,
05/20/2024,20:20:12:97,89.500,21.73,21.50,22.11,,
05/20/2024,20:20:12:597,90.000,21.73,21.51,22.11,,
05/20/2024,20:20:13:97,90.500,21.72,21.52,22.10,,
05/20/2024,20:20:13:597,91.000,21.71,21.53,22.10,,
05/20/2024,20:20:14:97,91.500,21.71,21.53,22.10,,
05/20/2024,20:20:14:597,92.000,21.71,21.52,22.10,,
05/20/2024,20:20:15:97,92.500,21.71,21.52,22.10,,
05/20/2024,20:20:15:597,93.000,21.72,21.51,22.11,,
05/20/2024,20:20:16:97,93.500,21.72,21.53,22.12,,
05/20/2024,20:20:16:597,94.000,21.72,21.61,22.13,,
05/20/2024,20:20:17:97,94.500,21.72,21.79,22.15,,
05/20/2024,20:20:17:597,95.000,21.72,22.01,22.19,,
05/20/2024,20:20:18:97,95.500,21.72,22.28,22.24,,
05/20/2024,20:20:18:597,96.000,21.72,22.60,22.28,,
05/20/2024,20:20:19:97,96.500,21.72,22.91,22.33,,
05/20/2024,20:20:19:597,97.000,21.72,23.25,22.38,,
05/20/2024,20:20:20:97,97.500,21.73,23.59,22.43,,
05/20/2024,20:20:20:597,98.000,21.73,23.85,22.47,,
05/20/2024,20:20:21:97,98.500,21.73,24.19,22.53,,
05/20/2024,20:20:21:597,99.000,21.73,24.53,22.58,,
05/20/2024,20:20:22:97,99.500,21.74,24.88,22.65,,
05/20/2024,20:20:22:597,100.000,21.74,25.22,22.72,,
05/20/2024,20:20:23:97,100.500,21.74,25.55,22.78,,
05/20/2024,20:20:23:597,101.000,21.74,25.87,22.85,,
05/20/2024,20:20:24:97,101.500,21.75,26.19,22.92,,
05/20/2024,20:20:24:597,102.000,21.75,26.51,23.00,,
05/20/2024,20:20:25:97,102.500,21.75,26.82,23.07,,
05/20/2024,20:20:25:597,103.000,21.75,27.13,23.15,,
05/20/2024,20:20:26:97,103.500,21.75,27.34,23.20,,
05/20/2024,20:20:26:597,104.000,21.75,27.64,23.28,,
05/20/2024,20:20:27:97,104.500,21.75,27.92,23.35,,
05/20/2024,20:20:27:597,105.000,21.76,28.20,23.43,,
05/20/2024,20:20:28:97,105.500,21.76,28.48,23.51,,
05/20/2024,20:20:28:597,106.000,21.76,28.74,23.60,,
05/20/2024,20:20:29:97,106.500,21.76,29.01,23.68,,
05/20/2024,20:20:29:597,107.000,21.77,29.26,23.76,,
05/20/2024,20:20:30:97,107.500,21.76,29.51,23.84,,
05/20/2024,20:20:30:597,108.000,21.76,29.76,23.93,,
05/20/2024,20:20:31:97,108.500,21.77,30.01,24.02,,
05/20/2024,20:20:31:597,109.000,21.77,30.19,24.09,,
05/20/2024,20:20:32:97,109.500,21.77,30.42,24.17,,
05/20/2024,20:20:32:597,110.000,21.77,30.65,24.26,,
05/20/2024,20:20:33:97,110.500,21.78,30.88,24.35,,
05/20/2024,20:20:33:597,111.000,21.78,31.11,24.44,,
05/20/2024,20:20:34:97,111.500,21.78,31.33,24.53,,
05/20/2024,20:20:34:597,112.000,21.78,31.55,24.62,,
05/20/2024,20:20:35:97,112.500,21.79,31.75,24.71,,
05/20/2024,20:20:35:597,113.000,21.79,31.96,24.80,,
05/20/2024,20:20:36:97,113.500,21.79,32.17,24.89,,
05/20/2024,20:20:36:597,114.000,21.79,32.36,24.98,,
05/20/2024,20:20:37:97,114.500,21.79,32.51,25.05,,
05/20/2024,20:20:37:597,115.000,21.79,32.70,25.13,,
05/20/2024,20:20:38:97,115.500,21.79,32.89,25.22,,
05/20/2024,20:20:38:597,116.000,21.80,33.09,25.31,,
05/20/2024,20:20:39:97,116.500,21.80,33.27,25.40,,
05/20/2024,20:20:39:597,117.000,21.80,33.45,25.49,,
05/20/2024,20:20:40:97,117.500,21.80,33.64,25.58,,
05/20/2024,20:20:40:597,118.000,21.80,33.81,25.67,,
05/20/2024,20:20:41:97,118.500,21.80,33.98,25.76,,
05/20/2024,20:20:41:597,119.000,21.81,34.15,25.85,,
05/20/2024,20:20:42:97,119.500,21.81,34.32,25.94,,
05/20/2024,20:20:42:597,120.000,21.81,34.44,26.00,,
05/20/2024,20:20:43:97,120.500,21.82,34.61,26.09,,
05/20/2024,20:20:43:597,121.000,21.82,34.76,26.18,,
05/20/2024,20:20:44:97,121.500,21.82,34.92,26.27,,
05/20/2024,20:20:44:597,122.000,21.82,35.08,26.36,,
05/20/2024,20:20:45:97,122.500,21.83,35.23,26.45,,
05/20/2024,20:20:45:597,123.000,21.83,35.38,26.53,,
05/20/2024,20:20:46:97,123.500,21.83,35.53,26.62,,
05/20/2024,20:20:46:597,124.000,21.83,35.68,26.70,,
05/20/2024,20:20:47:97,124.500,21.83,35.82,26.79,,
05/20/2024,20:20:47:597,125.000,21.83,35.96,26.87,,
05/20/2024,20:20:48:97,125.500,21.83,36.07,26.93,,
05/20/2024,20:20:48:597,126.000,21.84,36.21,27.02,,
05/20/2024,20:20:49:97,126.500,21.84,36.35,27.10,,
05/20/2024,20:20:49:597,127.000,21.84,36.48,27.19,,
05/20/2024,20:20:50:97,127.500,21.84,36.62,27.27,,
05/20/2024,20:20:50:597,128.000,21.85,36.76,27.35,,
05/20/2024,20:20:51:97,128.500,21.85,36.89,27.44,,
05/20/2024,20:20:51:597,129.000,21.85,37.02,27.52,,
05/20/2024,20:20:52:97,129.500,21.85,37.15,27.60,,
05/20/2024,20:20:52:597,130.000,21.85,37.24,27.67,,
05/20/2024,20:20:53:97,130.500,21.86,37.36,27.75,,
05/20/2024,20:20:53:597,131.000,21.86,37.48,27.83,,
05/20/2024,20:20:54:97,131.500,21.86,37.60,27.90,,
05/20/2024,20:20:54:597,132.000,21.86,37.71,27.98,,
05/20/2024,20:20:55:97,132.500,21.86,37.84,28.06,,
05/20/2024,20:20:55:597,133.000,21.87,37.95,28.14,,
05/20/2024,20:20:56:97,133.500,21.87,38.07,28.21,,
05/20/2024,20:20:56:597,134.000,21.88,38.18,28.29,,
05/20/2024,20:20:57:97,134.500,21.88,38.30,28.37,,
05/20/2024,20:20:57:597,135.000,21.88,38.41,28.45,,
05/20/2024,20:20:58:97,135.500,21.88,38.49,28.51,,
05/20/2024,20:20:58:597,136.000,21.89,38.60,28.58,,
05/20/2024,20:20:59:97,136.500,21.89,38.71,28.65,,
05/20/2024,20:20:59:597,137.000,21.89,38.81,28.73,,
05/20/2024,20:21:00:97,137.500,21.89,38.92,28.80,,
05/20/2024,20:21:00:597,138.000,21.90,39.03,28.87,,
05/20/2024,20:21:01:97,138.500,21.90,39.13,28.95,,
05/20/2024,20:21:01:597,139.000,21.90,39.23,29.03,,
05/20/2024,20:21:02:97,139.500,21.90,39.33,29.10,,
05/20/2024,20:21:02:597,140.000,21.90,39.43,29.17,,
05/20/2024,20:21:03:97,140.500,21.91,39.51,29.22,,
05/20/2024,20:21:03:597,141.000,21.91,39.60,29.30,,
05/20/2024,20:21:04:97,141.500,21.92,39.70,29.37,,
05/20/2024,20:21:04:597,142.000,21.92,39.79,29.44,,
05/20/2024,20:21:05:97,142.500,21.92,39.89,29.51,,
05/20/2024,20:21:05:597,143.000,21.92,39.98,29.58,,
05/20/2024,20:21:06:97,143.500,21.92,40.08,29.65,,
05/20/2024,20:21:06:597,144.000,21.92,40.18,29.71,,
05/20/2024,20:21:07:97,144.500,21.92,40.27,29.78,,
05/20/2024,20:21:07:597,145.000,21.93,40.37,29.85,,
05/20/2024,20:21:08:97,145.500,21.93,40.46,29.91,,
05/20/2024,20:21:08:597,146.000,21.93,40.53,29.96,,
05/20/2024,20:21:09:97,146.500,21.94,40.62,30.03,,
05/20/2024,20:21:09:597,147.000,21.94,40.70,30.10,,
05/20/2024,20:21:10:97,147.500,21.95,40.79,30.17,,
05/20/2024,20:21:10:597,148.000,21.95,40.87,30.23,,
05/20/2024,20:21:11:97,148.500,21.95,40.95,30.30,,
05/20/2024,20:21:11:597,149.000,21.95,41.04,30.36,,
05/20/2024,20:21:12:97,149.500,21.96,41.12,30.43,,
05/20/2024,20:21:12:597,150.000,21.96,41.21,30.49,,
05/20/2024,20:21:13:97,150.500,21.97,41.30,30.56,,
05/20/2024,20:21:13:597,151.000,21.97,41.38,30.62,,
05/20/2024,20:21:14:97,151.500,21.96,41.44,30.67,,
05/20/2024,20:21:14:597,152.000,21.97,41.52,30.73,,
05/20/2024,20:21:15:97,152.500,21.98,41.60,30.80,,
05/20/2024,20:21:15:597,153.000,21.98,41.68,30.86,,
05/20/2024,20:21:16:97,153.500,21.98,41.76,30.92,,
05/20/2024,20:21:16:597,154.000,21.99,41.83,30.98,,
05/20/2024,20:21:17:97,154.500,21.99,41.91,31.04,,
05/20/2024,20:21:17:597,155.000,21.99,41.98,31.10,,
05/20/2024,20:21:18:97,155.500,22.00,42.06,31.16,,
05/20/2024,20:21:18:597,156.000,22.00,42.14,31.22,,
05/20/2024,20:21:19:97,156.500,22.01,42.21,31.28,,
05/20/2024,20:21:19:597,157.000,22.01,42.27,31.33,,
05/20/2024,20:21:20:97,157.500,22.01,42.34,31.39,,
05/20/2024,20:21:20:597,158.000,22.02,42.42,31.45,,
05/20/2024,20:21:21:97,158.500,22.02,42.49,31.51,,
05/20/2024,20:21:21:597,159.000,22.02,42.56,31.56,,
05/20/2024,20:21:22:97,159.500,22.03,42.63,31.62,,
05/20/2024,20:21:22:597,160.000,22.03,42.70,31.68,,
05/20/2024,20:21:23:97,160.500,22.03,42.77,31.74,,
05/20/2024,20:21:23:597,161.000,22.04,42.84,31.79,,
05/20/2024,20:21:24:97,161.500,22.04,42.91,31.85,,
05/20/2024,20:21:24:597,162.000,22.04,42.96,31.90,,
05/20/2024,20:21:25:97,162.500,22.04,43.03,31.96,,
05/20/2024,20:21:25:597,163.000,22.05,43.09,32.01,,
05/20/2024,20:21:26:97,163.500,22.05,43.15,32.07,,
05/20/2024,20:21:26:597,164.000,22.06,43.22,32.12,,
05/20/2024,20:21:27:97,164.500,22.06,43.29,32.17,,
05/20/2024,20:21:27:597,165.000,22.06,43.35,32.23,,
05/20/2024,20:21:28:97,165.500,22.07,43.42,32.28,,
05/20/2024,20:21:28:597,166.000,22.07,43.49,32.34,,
05/20/2024,20:21:29:97,166.500,22.07,43.55,32.39,,
05/20/2024,20:21:29:597,167.000,22.07,43.61,32.44,,
05/20/2024,20:21:30:97,167.500,22.08,43.67,32.49,,
05/20/2024,20:21:30:597,168.000,22.08,43.72,32.53,,
05/20/2024,20:21:31:97,168.500,22.09,43.78,32.58,,
05/20/2024,20:21:31:597,169.000,22.09,43.84,32.63,,
05/20/2024,20:21:32:97,169.500,22.09,43.90,32.68,,
05/20/2024,20:21:32:597,170.000,22.10,43.97,32.73,,
05/20/2024,20:21:33:97,170.500,22.10,44.03,32.78,,
05/20/2024,20:21:33:597,171.000,22.11,44.09,32.83,,
05/20/2024,20:21:34:97,171.500,22.11,44.15,32.88,,
05/20/2024,20:21:34:597,172.000,22.11,44.21,32.93,,
05/20/2024,20:21:35:97,172.500,22.12,44.26,32.99,,
05/20/2024,20:21:35:597,173.000,22.12,44.30,33.02,,
05/20/2024,20:21:36:97,173.500,22.13,44.35,33.08,,
05/20/2024,20:21:36:597,174.000,22.13,44.41,33.12,,
05/20/2024,20:21:37:97,174.500,22.13,44.46,33.17,,
05/20/2024,20:21:37:597,175.000,22.14,44.52,33.22,,
05/20/2024,20:21:38:97,175.500,22.14,44.58,33.27,,
05/20/2024,20:21:38:597,176.000,22.15,44.64,33.32,,
05/20/2024,20:21:39:97,176.500,22.15,44.69,33.37,,
05/20/2024,20:21:39:597,177.000,22.15,44.74,33.42,,
05/20/2024,20:21:40:97,177.500,22.16,44.79,33.47,,
05/20/2024,20:21:40:597,178.000,22.16,44.85,33.51,,
05/20/2024,20:21:41:97,178.500,22.16,44.89,33.54,,
05/20/2024,20:21:41:597,179.000,22.17,44.94,33.59,,
05/20/2024,20:21:42:97,179.500,22.17,44.99,33.64,,
05/20/2024,20:21:42:597,180.000,22.18,45.05,33.68,,
05/20/2024,20:21:43:97,180.500,22.18,45.10,33.73,,
05/20/2024,20:21:43:597,181.000,22.18,45.16,33.77,,
05/20/2024,20:21:44:97,181.500,22.19,45.21,33.82,,
05/20/2024,20:21:44:597,182.000,22.19,45.26,33.87,,
05/20/2024,20:21:45:97,182.500,22.20,45.30,33.91,,
05/20/2024,20:21:45:597,183.000,22.20,45.35,33.95,,
05/20/2024,20:21:46:97,183.500,22.21,45.41,34.00,,
05/20/2024,20:21:46:597,184.000,22.21,45.44,34.03,,
05/20/2024,20:21:47:97,184.500,22.22,45.49,34.07,,
05/20/2024,20:21:47:597,185.000,22.22,45.54,34.11,,
05/20/2024,20:21:48:97,185.500,22.23,45.59,34.16,,
05/20/2024,20:21:48:597,186.000,22.23,45.63,34.20,,
05/20/2024,20:21:49:97,186.500,22.24,45.68,34.24,,
05/20/2024,20:21:49:597,187.000,22.24,45.73,34.29,,
05/20/2024,20:21:50:97,187.500,22.25,45.78,34.33,,
05/20/2024,20:21:50:597,188.000,22.25,45.82,34.37,,
05/20/2024,20:21:51:97,188.500,22.25,45.87,34.41,,
05/20/2024,20:21:51:597,189.000,22.26,45.91,34.46,,
05/20/2024,20:21:52:97,189.500,22.26,45.94,34.49,,
05/20/2024,20:21:52:597,190.000,22.26,45.99,34.53,,
05/20/2024,20:21:53:97,190.500,22.27,46.04,34.57,,
05/20/2024,20:21:53:597,191.000,22.28,46.08,34.60,,
05/20/2024,20:21:54:97,191.500,22.28,46.13,34.64,,
05/20/2024,20:21:54:597,192.000,22.28,46.17,34.69,,
05/20/2024,20:21:55:97,192.500,22.29,46.22,34.73,,
05/20/2024,20:21:55:597,193.000,22.29,46.27,34.77,,
05/20/2024,20:21:56:97,193.500,22.30,46.31,34.81,,
05/20/2024,20:21:56:597,194.000,22.30,46.35,34.85,,
05/20/2024,20:21:57:97,194.500,22.31,46.39,34.89,,
05/20/2024,20:21:57:597,195.000,22.31,46.43,34.92,,
05/20/2024,20:21:58:97,195.500,22.32,46.47,34.96,,
05/20/2024,20:21:58:597,196.000,22.32,46.51,34.99,,
05/20/2024,20:21:59:97,196.500,22.32,46.55,35.03,,
05/20/2024,20:21:59:597,197.000,22.33,46.59,35.07,,
05/20/2024,20:22:00:97,197.500,22.33,46.63,35.11,,
05/20/2024,20:22:00:597,198.000,22.34,46.67,35.15,,
05/20/2024,20:22:01:97,198.500,22.35,46.71,35.19,,
05/20/2024,20:22:01:597,199.000,22.35,46.74,35.22,,
05/20/2024,20:22:02:97,199.500,22.36,46.79,35.26,,
05/20/2024,20:22:02:597,200.000,22.36,46.83,35.30,,
05/20/2024,20:22:03:97,200.500,22.37,46.86,35.33,,
05/20/2024,20:22:03:597,201.000,22.37,46.90,35.37,,
05/20/2024,20:22:04:97,201.500,22.38,46.94,35.40,,
05/20/2024,20:22:04:597,202.000,22.38,46.98,35.44,,
05/20/2024,20:22:05:97,202.500,22.39,47.02,35.48,,
05/20/2024,20:22:05:597,203.000,22.39,47.06,35.51,,
05/20/2024,20:22:06:97,203.500,22.40,47.10,35.54,,
05/20/2024,20:22:06:597,204.000,22.40,47.14,35.58,,
05/20/2024,20:22:07:97,204.500,22.41,47.18,35.61,,
05/20/2024,20:22:07:597,205.000,22.41,47.21,35.65,,
05/20/2024,20:22:08:97,205.500,22.42,47.25,35.68,,
05/20/2024,20:22:08:597,206.000,22.42,47.28,35.70,,
05/20/2024,20:22:09:97,206.500,22.43,47.32,35.74,,
05/20/2024,20:22:09:597,207.000,22.43,47.36,35.77,,
05/20/2024,20:22:10:97,207.500,22.44,47.39,35.81,,
05/20/2024,20:22:10:597,208.000,22.44,47.43,35.84,,
05/20/2024,20:22:11:97,208.500,22.45,47.47,35.88,,
05/20/2024,20:22:11:597,209.000,22.45,47.51,35.91,,
05/20/2024,20:22:12:97,209.500,22.46,47.55,35.95,,
05/20/2024,20:22:12:597,210.000,22.47,47.59,35.98,,
05/20/2024,20:22:13:97,210.500,22.47,47.62,36.01,,
05/20/2024,20:22:13:597,211.000,22.48,47.65,36.05,,
05/20/2024,20:22:14:97,211.500,22.48,47.68,36.07,,
05/20/2024,20:22:14:597,212.000,22.48,47.71,36.10,,
05/20/2024,20:22:15:97,212.500,22.49,47.75,36.14,,
05/20/2024,20:22:15:597,213.000,22.50,47.78,36.17,,
05/20/2024,20:22:16:97,213.500,22.50,47.82,36.20,,
05/20/2024,20:22:16:597,214.000,22.50,47.85,36.23,,
05/20/2024,20:22:17:97,214.500,22.51,47.88,36.27,,
05/20/2024,20:22:17:597,215.000,22.51,47.92,36.30,,
05/20/2024,20:22:18:97,215.500,22.52,47.95,36.34,,
05/20/2024,20:22:18:597,216.000,22.53,47.98,36.37,,
05/20/2024,20:22:19:97,216.500,22.53,48.00,36.39,,
05/20/2024,20:22:19:597,217.000,22.54,48.04,36.42,,
05/20/2024,20:22:20:97,217.500,22.54,48.07,36.45,,
05/20/2024,20:22:20:597,218.000,22.54,48.11,36.49,,
05/20/2024,20:22:21:97,218.500,22.55,48.14,36.52,,
05/20/2024,20:22:21:597,219.000,22.56,48.17,36.55,,
05/20/2024,20:22:22:97,219.500,22.57,48.21,36.58,,
05/20/2024,20:22:22:597,220.000,22.57,48.24,36.61,,
05/20/2024,20:22:23:97,220.500,22.57,48.27,36.64,,
05/20/2024,20:22:23:597,221.000,22.58,48.30,36.67,,
05/20/2024,20:22:24:97,221.500,22.58,48.33,36.70,,
05/20/2024,20:22:24:597,222.000,22.59,48.36,36.72,,
05/20/2024,20:22:25:97,222.500,22.59,48.39,36.75,,
05/20/2024,20:22:25:597,223.000,22.60,48.42,36.78,,
05/20/2024,20:22:26:97,223.500,22.61,48.45,36.81,,
05/20/2024,20:22:26:597,224.000,22.61,48.48,36.83,,
05/20/2024,20:22:27:97,224.500,22.62,48.51,36.86,,
05/20/2024,20:22:27:597,225.000,22.62,48.54,36.89,,
05/20/2024,20:22:28:97,225.500,22.62,48.57,36.92,,
05/20/2024,20:22:28:597,226.000,22.63,48.61,36.95,,
05/20/2024,20:22:29:97,226.500,22.64,48.64,36.97,,
05/20/2024,20:22:29:597,227.000,22.65,48.67,37.00,,
05/20/2024,20:22:30:97,227.500,22.65,48.69,37.02,,
05/20/2024,20:22:30:597,228.000,22.66,48.72,37.05,,
05/20/2024,20:22:31:97,228.500,22.66,48.75,37.08,,
05/20/2024,20:22:31:597,229.000,22.67,48.78,37.10,,
05/20/2024,20:22:32:97,229.500,22.67,48.81,37.13,,
05/20/2024,20:22:32:597,230.000,22.68,48.84,37.16,,
05/20/2024,20:22:33:97,230.500,22.69,48.87,37.19,,
05/20/2024,20:22:33:597,231.000,22.69,48.89,37.22,,
05/20/2024,20:22:34:97,231.500,22.69,48.93,37.24,,
05/20/2024,20:22:34:597,232.000,22.70,48.95,37.27,,
05/20/2024,20:22:35:97,232.500,22.71,48.98,37.29,,
05/20/2024,20:22:35:597,233.000,22.71,49.00,37.32,,
05/20/2024,20:22:36:97,233.500,22.71,49.03,37.35,,
05/20/2024,20:22:36:597,234.000,22.72,49.06,37.37,,
05/20/2024,20:22:37:97,234.500,22.72,49.09,37.40,,
05/20/2024,20:22:37:597,235.000,22.73,49.11,37.43,,
05/20/2024,20:22:38:97,235.500,22.74,49.14,37.45,,
05/20/2024,20:22:38:597,236.000,22.75,49.17,37.48,,
05/20/2024,20:22:39:97,236.500,22.75,49.20,37.51,,
05/20/2024,20:22:39:597,237.000,22.76,49.22,37.53,,
05/20/2024,20:22:40:97,237.500,22.76,49.25,37.56,,
05/20/2024,20:22:40:597,238.000,22.77,49.28,37.58,,
05/20/2024,20:22:41:97,238.500,22.77,49.29,37.60,,
05/20/2024,20:22:41:597,239.000,22.78,49.32,37.63,,
05/20/2024,20:22:42:97,239.500,22.79,49.35,37.65,,
05/20/2024,20:22:42:597,240.000,22.79,49.38,37.68,,
05/20/2024,20:22:43:97,240.500,22.80,49.40,37.70,,
05/20/2024,20:22:43:597,241.000,22.80,49.43,37.73,,
05/20/2024,20:22:44:97,241.500,22.81,49.46,37.75,,
05/20/2024,20:22:44:597,242.000,22.82,49.48,37.77,,
05/20/2024,20:22:45:97,242.500,22.82,49.51,37.80,,
05/20/2024,20:22:45:597,243.000,22.83,49.54,37.82,,
05/20/2024,20:22:46:97,243.500,22.84,49.56,37.85,,
05/20/2024,20:22:46:597,244.000,22.84,49.58,37.87,,
05/20/2024,20:22:47:97,244.500,22.85,49.61,37.90,,
05/20/2024,20:22:47:597,245.000,22.85,49.63,37.92,,
05/20/2024,20:22:48:97,245.500,22.86,49.65,37.95,,
05/20/2024,20:22:48:597,246.000,22.86,49.68,37.97,,
05/20/2024,20:22:49:97,246.500,22.87,49.70,38.00,,
05/20/2024,20:22:49:597,247.000,22.88,49.73,38.02,,
05/20/2024,20:22:50:97,247.500,22.88,49.76,38.04,,
05/20/2024,20:22:50:597,248.000,22.89,49.78,38.07,,
05/20/2024,20:22:51:97,248.500,22.89,49.81,38.10,,
05/20/2024,20:22:51:597,249.000,22.90,49.83,38.12,,
05/20/2024,20:22:52:97,249.500,22.91,49.85,38.14,,
05/20/2024,20:22:52:597,250.000,22.91,49.87,38.16,,
05/20/2024,20:22:53:97,250.500,22.92,49.90,38.18,,
05/20/2024,20:22:53:597,251.000,22.92,49.92,38.21,,
05/20/2024,20:22:54:97,251.500,22.93,49.95,38.23,,
05/20/2024,20:22:54:597,252.000,22.93,49.98,38.25,,
05/20/2024,20:22:55:97,252.500,22.94,50.00,38.28,,
05/20/2024,20:22:55:597,253.000,22.95,50.03,38.30,,
05/20/2024,20:22:56:97,253.500,22.96,50.05,38.32,,
05/20/2024,20:22:56:597,254.000,22.96,50.07,38.35,,
05/20/2024,20:22:57:97,254.500,22.97,50.09,38.37,,
05/20/2024,20:22:57:597,255.000,22.97,50.11,38.40,,
05/20/2024,20:22:58:97,255.500,22.98,50.13,38.42,,
05/20/2024,20:22:58:597,256.000,22.98,50.16,38.44,,
05/20/2024,20:22:59:97,256.500,22.99,50.18,38.46,,
05/20/2024,20:22:59:597,257.000,23.00,50.20,38.48,,
05/20/2024,20:23:00:97,257.500,23.00,50.22,38.51,,
05/20/2024,20:23:00:597,258.000,23.01,50.24,38.53,,
05/20/2024,20:23:01:97,258.500,23.01,50.26,38.56,,
05/20/2024,20:23:01:597,259.000,23.02,50.29,38.59,,
05/20/2024,20:23:02:97,259.500,23.02,50.31,38.60,,
05/20/2024,20:23:02:597,260.000,23.03,50.33,38.63,,
05/20/2024,20:23:03:97,260.500,23.04,50.35,38.65,,
05/20/2024,20:23:03:597,261.000,23.05,50.37,38.66,,
05/20/2024,20:23:04:97,261.500,23.05,50.39,38.69,,
05/20/2024,20:23:04:597,262.000,23.06,50.41,38.70,,
05/20/2024,20:23:05:97,262.500,23.06,50.43,38.73,,
05/20/2024,20:23:05:597,263.000,23.07,50.46,38.75,,
05/20/2024,20:23:06:97,263.500,23.07,50.47,38.77,,
05/20/2024,20:23:06:597,264.000,23.08,50.49,38.78,,
05/20/2024,20:23:07:97,264.500,23.09,50.52,38.81,,
05/20/2024,20:23:07:597,265.000,23.09,50.54,38.83,,
05/20/2024,20:23:08:97,265.500,23.10,50.56,38.84,,
05/20/2024,20:23:08:597,266.000,23.10,50.58,38.86,,
05/20/2024,20:23:09:97,266.500,23.11,50.61,38.88,,
05/20/2024,20:23:09:597,267.000,23.11,50.63,38.90,,
05/20/2024,20:23:10:97,267.500,23.12,50.64,38.92,,
05/20/2024,20:23:10:597,268.000,23.13,50.67,38.95,,
05/20/2024,20:23:11:97,268.500,23.14,50.68,38.97,,
05/20/2024,20:23:11:597,269.000,23.14,50.71,38.99,,
05/20/2024,20:23:12:97,269.500,23.15,50.73,39.01,,
05/20/2024,20:23:12:597,270.000,23.16,50.75,39.03,,
05/20/2024,20:23:13:97,270.500,23.16,50.77,39.05,,
05/20/2024,20:23:13:597,271.000,23.16,50.79,39.07,,
05/20/2024,20:23:14:97,271.500,23.17,50.81,39.09,,
05/20/2024,20:23:14:597,272.000,23.18,50.83,39.10,,
05/20/2024,20:23:15:97,272.500,23.18,50.85,39.13,,
05/20/2024,20:23:15:597,273.000,23.19,50.87,39.15,,
05/20/2024,20:23:16:97,273.500,23.20,50.89,39.17,,
05/20/2024,20:23:16:597,274.000,23.21,50.91,39.19,,
05/20/2024,20:23:17:97,274.500,23.21,50.93,39.21,,
05/20/2024,20:23:17:597,275.000,23.22,50.95,39.23,,
05/20/2024,20:23:18:97,275.500,23.22,50.97,39.25,,
05/20/2024,20:23:18:597,276.000,23.23,50.99,39.27,,
05/20/2024,20:23:19:97,276.500,23.24,51.01,39.28,,
05/20/2024,20:23:19:597,277.000,23.24,51.03,39.30,,
05/20/2024,20:23:20:97,277.500,23.25,51.04,39.32,,
05/20/2024,20:23:20:597,278.000,23.26,51.06,39.34,,
05/20/2024,20:23:21:97,278.500,23.27,51.09,39.36,,
05/20/2024,20:23:21:597,279.000,23.27,51.10,39.38,,
05/20/2024,20:23:22:97,279.500,23.28,51.12,39.40,,
05/20/2024,20:23:22:597,280.000,23.29,51.14,39.42,,
05/20/2024,20:23:23:97,280.500,23.29,51.16,39.43,,
05/20/2024,20:23:23:597,281.000,23.30,51.18,39.45,,
05/20/2024,20:23:24:97,281.500,23.30,51.20,39.47,,
05/20/2024,20:23:24:597,282.000,23.31,51.22,39.49,,
05/20/2024,20:23:25:97,282.500,23.31,51.24,39.50,,
05/20/2024,20:23:25:597,283.000,23.32,51.26,39.52,,
05/20/2024,20:23:26:97,283.500,23.33,51.28,39.54,,
05/20/2024,20:23:26:597,284.000,23.33,51.30,39.56,,
05/20/2024,20:23:27:97,284.500,23.34,51.32,39.58,,
05/20/2024,20:23:27:597,285.000,23.34,51.33,39.59,,
05/20/2024,20:23:28:97,285.500,23.35,51.35,39.62,,
05/20/2024,20:23:28:597,286.000,23.36,51.37,39.64,,
05/20/2024,20:23:29:97,286.500,23.36,51.39,39.66,,
05/20/2024,20:23:29:597,287.000,23.37,51.40,39.68,,
05/20/2024,20:23:30:97,287.500,23.37,51.42,39.69,,
05/20/2024,20:23:30:597,288.000,23.38,51.43,39.70,,
05/20/2024,20:23:31:97,288.500,23.38,51.45,39.72,,
05/20/2024,20:23:31:597,289.000,23.39,51.46,39.74,,
05/20/2024,20:23:32:97,289.500,23.39,51.47,39.76,,
05/20/2024,20:23:32:597,290.000,23.41,51.48,39.77,,
05/20/2024,20:23:33:97,290.500,23.41,51.49,39.79,,
05/20/2024,20:23:33:597,291.000,23.42,51.50,39.80,,
05/20/2024,20:23:34:97,291.500,23.42,51.51,39.82,,
05/20/2024,20:23:34:597,292.000,23.43,51.51,39.84,,
05/20/2024,20:23:35:97,292.500,23.43,51.52,39.85,,
05/20/2024,20:23:35:597,293.000,23.44,51.53,39.86,,
05/20/2024,20:23:36:97,293.500,23.44,51.53,39.88,,
05/20/2024,20:23:36:597,294.000,23.45,51.54,39.89,,
05/20/2024,20:23:37:97,294.500,23.45,51.55,39.91,,
05/20/2024,20:23:37:597,295.000,23.46,51.56,39.93,,
05/20/2024,20:23:38:97,295.500,23.47,51.57,39.94,,
05/20/2024,20:23:38:597,296.000,23.48,51.58,39.95,,
05/20/2024,20:23:39:97,296.500,23.48,51.59,39.97,,
05/20/2024,20:23:39:597,297.000,23.49,51.60,39.99,,
05/20/2024,20:23:40:97,297.500,23.49,51.60,40.00,,
05/20/2024,20:23:40:597,298.000,23.50,51.61,40.02,,
05/20/2024,20:23:41:97,298.500,23.50,51.62,40.02,,
05/20/2024,20:23:41:597,299.000,23.51,51.63,40.04,,
05/20/2024,20:23:42:97,299.500,23.52,51.64,40.06,,
05/20/2024,20:23:42:597,300.000,23.52,51.65,40.07,,
05/20/2024,20:23:43:97,300.500,23.53,51.65,40.08,,
05/20/2024,20:23:43:597,301.000,23.54,51.67,40.09,,
05/20/2024,20:23:44:97,301.500,23.54,51.67,40.11,,
05/20/2024,20:23:44:597,302.000,23.55,51.69,40.13,,
05/20/2024,20:23:45:97,302.500,23.55,51.70,40.15,,
05/20/2024,20:23:45:597,303.000,23.56,51.71,40.16,,
05/20/2024,20:23:46:97,303.500,23.57,51.72,40.17,,
05/20/2024,20:23:46:597,304.000,23.57,51.72,40.19,,
05/20/2024,20:23:47:97,304.500,23.58,51.73,40.20,,
05/20/2024,20:23:47:597,305.000,23.58,51.74,40.21,,
05/20/2024,20:23:48:97,305.500,23.59,51.75,40.23,,
05/20/2024,20:23:48:597,306.000,23.60,51.76,40.24,,
05/20/2024,20:23:49:97,306.500,23.60,51.77,40.26,,
05/20/2024,20:23:49:597,307.000,23.61,51.78,40.27,,
05/20/2024,20:23:50:97,307.500,23.61,51.79,40.28,,
05/20/2024,20:23:50:597,308.000,23.62,51.80,40.30,,
05/20/2024,20:23:51:97,308.500,23.63,51.82,40.32,,
05/20/2024,20:23:51:597,309.000,23.63,51.82,40.33,,
05/20/2024,20:23:52:97,309.500,23.63,51.83,40.34,,
05/20/2024,20:23:52:597,310.000,23.64,51.85,40.35,,
05/20/2024,20:23:53:97,310.500,23.64,51.86,40.37,,
05/20/2024,20:23:53:597,311.000,23.65,51.87,40.38,,
05/20/2024,20:23:54:97,311.500,23.66,51.88,40.39,,
05/20/2024,20:23:54:597,312.000,23.66,51.89,40.41,,
05/20/2024,20:23:55:97,312.500,23.67,51.90,40.42,,
05/20/2024,20:23:55:597,313.000,23.68,51.92,40.43,,
05/20/2024,20:23:56:97,313.500,23.68,51.92,40.45,,
05/20/2024,20:23:56:597,314.000,23.69,51.93,40.46,,
05/20/2024,20:23:57:97,314.500,23.70,51.94,40.47,,
05/20/2024,20:23:57:597,315.000,23.71,51.95,40.48,,
05/20/2024,20:23:58:97,315.500,23.71,51.96,40.49,,
05/20/2024,20:23:58:597,316.000,23.72,51.97,40.51,,
05/20/2024,20:23:59:97,316.500,23.72,51.98,40.53,,
05/20/2024,20:23:59:597,317.000,23.73,52.00,40.54,,
05/20/2024,20:24:00:97,317.500,23.74,52.01,40.55,,
05/20/2024,20:24:00:597,318.000,23.74,52.02,40.56,,
05/20/2024,20:24:01:97,318.500,23.75,52.03,40.58,,
05/20/2024,20:24:01:597,319.000,23.75,52.04,40.59,,
05/20/2024,20:24:02:97,319.500,23.76,52.05,40.60,,
05/20/2024,20:24:02:597,320.000,23.77,52.06,40.61,,
05/20/2024,20:24:03:97,320.500,23.77,52.07,40.62,,
05/20/2024,20:24:03:597,321.000,23.78,52.08,40.63,,
05/20/2024,20:24:04:97,321.500,23.78,52.09,40.65,,
05/20/2024,20:24:04:597,322.000,23.78,52.10,40.66,,
05/20/2024,20:24:05:97,322.500,23.79,52.11,40.68,,
05/20/2024,20:24:05:597,323.000,23.80,52.12,40.69,,
05/20/2024,20:24:06:97,323.500,23.81,52.13,40.70,,
05/20/2024,20:24:06:597,324.000,23.81,52.14,40.72,,
05/20/2024,20:24:07:97,324.500,23.81,52.16,40.73,,
05/20/2024,20:24:07:597,325.000,23.82,52.16,40.74,,
05/20/2024,20:24:08:97,325.500,23.83,52.17,40.75,,
05/20/2024,20:24:08:597,326.000,23.84,52.18,40.76,,
05/20/2024,20:24:09:97,326.500,23.84,52.20,40.77,,
05/20/2024,20:24:09:597,327.000,23.85,52.20,40.79,,
05/20/2024,20:24:10:97,327.500,23.85,52.22,40.80,,
05/20/2024,20:24:10:597,328.000,23.86,52.22,40.81,,
05/20/2024,20:24:11:97,328.500,23.87,52.24,40.82,,
05/20/2024,20:24:11:597,329.000,23.87,52.25,40.83,,
05/20/2024,20:24:12:97,329.500,23.88,52.26,40.85,,
05/20/2024,20:24:12:597,330.000,23.88,52.27,40.86,,
05/20/2024,20:24:13:97,330.500,23.89,52.28,40.87,,
05/20/2024,20:24:13:597,331.000,23.89,52.28,40.88,,
05/20/2024,20:24:14:97,331.500,23.90,52.29,40.89,,
05/20/2024,20:24:14:597,332.000,23.91,52.30,40.91,,
05/20/2024,20:24:15:97,332.500,23.91,52.32,40.92,,
05/20/2024,20:24:15:597,333.000,23.92,52.33,40.93,,
05/20/2024,20:24:16:97,333.500,23.92,52.34,40.94,,
05/20/2024,20:24:16:597,334.000,23.93,52.35,40.95,,
05/20/2024,20:24:17:97,334.500,23.94,52.36,40.97,,
05/20/2024,20:24:17:597,335.000,23.94,52.37,40.98,,
05/20/2024,20:24:18:97,335.500,23.95,52.38,40.99,,
05/20/2024,20:24:18:597,336.000,23.95,52.39,40.99,,
05/20/2024,20:24:19:97,336.500,23.96,52.40,41.01,,
05/20/2024,20:24:19:597,337.000,23.97,52.41,41.02,,
05/20/2024,20:24:20:97,337.500,23.97,52.42,41.03,,
05/20/2024,20:24:20:597,338.000,23.98,52.43,41.04,,
05/20/2024,20:24:21:97,338.500,23.99,52.44,41.05,,
05/20/2024,20:24:21:597,339.000,23.99,52.45,41.06,,
05/20/2024,20:24:22:97,339.500,23.99,52.46,41.08,,
05/20/2024,20:24:22:597,340.000,24.00,52.47,41.09,,
05/20/2024,20:24:23:97,340.500,24.01,52.48,41.10,,
05/20/2024,20:24:23:597,341.000,24.01,52.49,41.11,,
05/20/2024,20:24:24:97,341.500,24.02,52.49,41.12,,
05/20/2024,20:24:24:597,342.000,24.02,52.51,41.13,,
05/20/2024,20:24:25:97,342.500,24.03,52.51,41.14,,
05/20/2024,20:24:25:597,343.000,24.03,52.53,41.15,,
05/20/2024,20:24:26:97,343.500,24.04,52.54,41.16,,
05/20/2024,20:24:26:597,344.000,24.05,52.55,41.17,,
05/20/2024,20:24:27:97,344.500,24.06,52.56,41.18,,
05/20/2024,20:24:27:597,345.000,24.06,52.57,41.20,,
05/20/2024,20:24:28:97,345.500,24.06,52.58,41.21,,
05/20/2024,20:24:28:597,346.000,24.07,52.59,41.22,,
05/20/2024,20:24:29:97,346.500,24.07,52.60,41.23,,
05/20/2024,20:24:29:597,347.000,24.08,52.61,41.24,,
05/20/2024,20:24:30:97,347.500,24.09,52.62,41.25,,
05/20/2024,20:24:30:597,348.000,24.09,52.63,41.26,,
05/20/2024,20:24:31:97,348.500,24.10,52.64,41.27,,
05/20/2024,20:24:31:597,349.000,24.11,52.65,41.29,,
05/20/2024,20:24:32:97,349.500,24.12,52.66,41.30,,
05/20/2024,20:24:32:597,350.000,24.12,52.67,41.31,,
05/20/2024,20:24:33:97,350.500,24.13,52.68,41.32,,
05/20/2024,20:24:33:597,351.000,24.13,52.69,41.33,,
05/20/2024,20:24:34:97,351.500,24.13,52.70,41.35,,
05/20/2024,20:24:34:597,352.000,24.14,52.70,41.36,,
05/20/2024,20:24:35:97,352.500,24.15,52.71,41.37,,
05/20/2024,20:24:35:597,353.000,24.16,52.72,41.38,,
05/20/2024,20:24:36:97,353.500,24.16,52.73,41.39,,
05/20/2024,20:24:36:597,354.000,24.17,52.74,41.40,,
05/20/2024,20:24:37:97,354.500,24.17,52.75,41.41,,
05/20/2024,20:24:37:597,355.000,24.18,52.76,41.42,,
05/20/2024,20:24:38:97,355.500,24.19,52.76,41.43,,
05/20/2024,20:24:38:597,356.000,24.20,52.78,41.44,,
05/20/2024,20:24:39:97,356.500,24.20,52.79,41.45,,
05/20/2024,20:24:39:597,357.000,24.21,52.79,41.47,,
05/20/2024,20:24:40:97,357.500,24.22,52.80,41.48,,
05/20/2024,20:24:40:597,358.000,24.22,52.81,41.48,,
05/20/2024,20:24:41:97,358.500,24.22,52.82,41.49,,
05/20/2024,20:24:41:597,359.000,24.23,52.83,41.50,,
05/20/2024,20:24:42:97,359.500,24.23,52.84,41.51,,
05/20/2024,20:24:42:597,360.000,24.23,52.85,41.52,,
05/20/2024,20:24:43:97,360.500,24.24,52.86,41.54,,
05/20/2024,20:24:43:597,361.000,24.25,52.86,41.55,,
05/20/2024,20:24:44:97,361.500,24.26,52.87,41.56,,
05/20/2024,20:24:44:597,362.000,24.26,52.88,41.57,,
05/20/2024,20:24:45:97,362.500,24.27,52.89,41.58,,
05/20/2024,20:24:45:597,363.000,24.27,52.90,41.59,,
05/20/2024,20:24:46:97,363.500,24.28,52.91,41.60,,
05/20/2024,20:24:46:597,364.000,24.28,52.92,41.61,,
05/20/2024,20:24:47:97,364.500,24.29,52.93,41.62,,
05/20/2024,20:24:47:597,365.000,24.29,52.94,41.63,,
05/20/2024,20:24:48:97,365.500,24.30,52.94,41.64,,
05/20/2024,20:24:48:597,366.000,24.31,52.95,41.65,,
05/20/2024,20:24:49:97,366.500,24.31,52.96,41.66,,
05/20/2024,20:24:49:597,367.000,24.32,52.97,41.67,,
05/20/2024,20:24:50:97,367.500,24.32,52.98,41.68,,
05/20/2024,20:24:50:597,368.000,24.33,52.99,41.69,,
05/20/2024,20:24:51:97,368.500,24.33,53.00,41.70,,
05/20/2024,20:24:51:597,369.000,24.34,53.00,41.71,,
05/20/2024,20:24:52:97,369.500,24.34,53.01,41.72,,
05/20/2024,20:24:52:597,370.000,24.35,53.02,41.73,,
05/20/2024,20:24:53:97,370.500,24.35,53.02,41.74,,
05/20/2024,20:24:53:597,371.000,24.36,53.03,41.75,,
05/20/2024,20:24:54:97,371.500,24.37,53.05,41.76,,
05/20/2024,20:24:54:597,372.000,24.37,53.06,41.77,,
05/20/2024,20:24:55:97,372.500,24.38,53.06,41.78,,
05/20/2024,20:24:55:597,373.000,24.39,53.07,41.79,,
05/20/2024,20:24:56:97,373.500,24.39,53.08,41.80,,
05/20/2024,20:24:56:597,374.000,24.39,53.09,41.81,,
05/20/2024,20:24:57:97,374.500,24.40,53.10,41.82,,
05/20/2024,20:24:57:597,375.000,24.40,53.11,41.83,,
05/20/2024,20:24:58:97,375.500,24.41,53.12,41.85,,
05/20/2024,20:24:58:597,376.000,24.41,53.12,41.86,,
05/20/2024,20:24:59:97,376.500,24.42,53.13,41.87,,
05/20/2024,20:24:59:597,377.000,24.43,53.14,41.87,,
05/20/2024,20:25:00:97,377.500,24.44,53.15,41.89,,
05/20/2024,20:25:00:597,378.000,24.44,53.16,41.90,,
05/20/2024,20:25:01:97,378.500,24.45,53.17,41.90,,
05/20/2024,20:25:01:597,379.000,24.45,53.18,41.91,,
05/20/2024,20:25:02:97,379.500,24.46,53.18,41.93,,
05/20/2024,20:25:02:597,380.000,24.46,53.19,41.93,,
05/20/2024,20:25:03:97,380.500,24.47,53.20,41.94,,
05/20/2024,20:25:03:597,381.000,24.47,53.21,41.95,,
05/20/2024,20:25:04:97,381.500,24.48,53.22,41.96,,
05/20/2024,20:25:04:597,382.000,24.48,53.23,41.97,,
05/20/2024,20:25:05:97,382.500,24.49,53.24,41.98,,
05/20/2024,20:25:05:597,383.000,24.50,53.25,41.99,,
05/20/2024,20:25:06:97,383.500,24.50,53.25,41.99,,
05/20/2024,20:25:06:597,384.000,24.51,53.26,42.01,,
05/20/2024,20:25:07:97,384.500,24.51,53.27,42.02,,
05/20/2024,20:25:07:597,385.000,24.51,53.28,42.02,,
05/20/2024,20:25:08:97,385.500,24.52,53.28,42.03,,
05/20/2024,20:25:08:597,386.000,24.53,53.29,42.04,,
05/20/2024,20:25:09:97,386.500,24.53,53.30,42.05,,
05/20/2024,20:25:09:597,387.000,24.54,53.31,42.06,,
05/20/2024,20:25:10:97,387.500,24.54,53.32,42.07,,
05/20/2024,20:25:10:597,388.000,24.55,53.32,42.07,,
05/20/2024,20:25:11:97,388.500,24.55,53.33,42.08,,
05/20/2024,20:25:11:597,389.000,24.56,53.34,42.09,,
05/20/2024,20:25:12:97,389.500,24.57,53.35,42.10,,
05/20/2024,20:25:12:597,390.000,24.57,53.36,42.11,,
05/20/2024,20:25:13:97,390.500,24.57,53.36,42.12,,
05/20/2024,20:25:13:597,391.000,24.58,53.37,42.13,,
05/20/2024,20:25:14:97,391.500,24.58,53.38,42.13,,
05/20/2024,20:25:14:597,392.000,24.59,53.38,42.14,,
05/20/2024,20:25:15:97,392.500,24.60,53.40,42.15,,
05/20/2024,20:25:15:597,393.000,24.61,53.40,42.15,,
05/20/2024,20:25:16:97,393.500,24.61,53.41,42.17,,
05/20/2024,20:25:16:597,394.000,24.62,53.42,42.18,,
05/20/2024,20:25:17:97,394.500,24.62,53.43,42.19,,
05/20/2024,20:25:17:597,395.000,24.63,53.44,42.20,,
05/20/2024,20:25:18:97,395.500,24.63,53.44,42.20,,
05/20/2024,20:25:18:597,396.000,24.64,53.45,42.21,,
05/20/2024,20:25:19:97,396.500,24.65,53.46,42.22,,
05/20/2024,20:25:19:597,397.000,24.65,53.47,42.23,,
05/20/2024,20:25:20:97,397.500,24.66,53.47,42.23,,
05/20/2024,20:25:20:597,398.000,24.66,53.48,42.24,,
05/20/2024,20:25:21:97,398.500,24.67,53.49,42.25,,
05/20/2024,20:25:21:597,399.000,24.67,53.50,42.26,,
05/20/2024,20:25:22:97,399.500,24.68,53.50,42.27,,
05/20/2024,20:25:22:597,400.000,24.68,53.51,42.28,,
05/20/2024,20:25:23:97,400.500,24.69,53.51,42.29,,
05/20/2024,20:25:23:597,401.000,24.69,53.53,42.30,,
05/20/2024,20:25:24:97,401.500,24.70,53.53,42.30,,
05/20/2024,20:25:24:597,402.000,24.70,53.54,42.31,,
05/20/2024,20:25:25:97,402.500,24.71,53.54,42.32,,
05/20/2024,20:25:25:597,403.000,24.72,53.55,42.33,,
05/20/2024,20:25:26:97,403.500,24.72,53.56,42.33,,
05/20/2024,20:25:26:597,404.000,24.73,53.57,42.34,,
05/20/2024,20:25:27:97,404.500,24.73,53.57,42.36,,
05/20/2024,20:25:27:597,405.000,24.74,53.58,42.36,,
05/20/2024,20:25:28:97,405.500,24.74,53.59,42.37,,
05/20/2024,20:25:28:597,406.000,24.75,53.60,42.38,,
05/20/2024,20:25:29:97,406.500,24.75,53.60,42.39,,
05/20/2024,20:25:29:597,407.000,24.76,53.61,42.40,,
05/20/2024,20:25:30:97,407.500,24.76,53.62,42.41,,
05/20/2024,20:25:30:597,408.000,24.77,53.63,42.42,,
05/20/2024,20:25:31:97,408.500,24.77,53.63,42.43,,
05/20/2024,20:25:31:597,409.000,24.78,53.64,42.43,,
05/20/2024,20:25:32:97,409.500,24.78,53.65,42.44,,
05/20/2024,20:25:32:597,410.000,24.79,53.66,42.45,,
05/20/2024,20:25:33:97,410.500,24.80,53.67,42.46,,
05/20/2024,20:25:33:597,411.000,24.80,53.67,42.47,,
05/20/2024,20:25:34:97,411.500,24.81,53.68,42.48,,
05/20/2024,20:25:34:597,412.000,24.81,53.68,42.49,,
05/20/2024,20:25:35:97,412.500,24.82,53.69,42.49,,
05/20/2024,20:25:35:597,413.000,24.82,53.70,42.50,,
05/20/2024,20:25:36:97,413.500,24.83,53.71,42.51,,
05/20/2024,20:25:36:597,414.000,24.83,53.71,42.51,,
05/20/2024,20:25:37:97,414.500,24.84,53.72,42.53,,
05/20/2024,20:25:37:597,415.000,24.84,53.73,42.53,,
05/20/2024,20:25:38:97,415.500,24.85,53.74,42.54,,
05/20/2024,20:25:38:597,416.000,24.85,53.74,42.55,,
05/20/2024,20:25:39:97,416.500,24.86,53.75,42.56,,
05/20/2024,20:25:39:597,417.000,24.86,53.75,42.57,,
05/20/2024,20:25:40:97,417.500,24.87,53.76,42.57,,
05/20/2024,20:25:40:597,418.000,24.87,53.76,42.58,,
05/20/2024,20:25:41:97,418.500,24.88,53.77,42.58,,
05/20/2024,20:25:41:597,419.000,24.88,53.78,42.59,,
05/20/2024,20:25:42:97,419.500,24.89,53.79,42.60,,
05/20/2024,20:25:42:597,420.000,24.89,53.80,42.61,,
05/20/2024,20:25:43:97,420.500,24.90,53.80,42.61,,
05/20/2024,20:25:43:597,421.000,24.91,53.81,42.63,,
05/20/2024,20:25:44:97,421.500,24.91,53.82,42.63,,
05/20/2024,20:25:44:597,422.000,24.92,53.83,42.64,,
05/20/2024,20:25:45:97,422.500,24.92,53.83,42.65,,
05/20/2024,20:25:45:597,423.000,24.93,53.84,42.66,,
05/20/2024,20:25:46:97,423.500,24.93,53.85,42.66,,
05/20/2024,20:25:46:597,424.000,24.94,53.86,42.67,,
05/20/2024,20:25:47:97,424.500,24.94,53.86,42.68,,
05/20/2024,20:25:47:597,425.000,24.95,53.87,42.69,,
05/20/2024,20:25:48:97,425.500,24.95,53.88,42.70,,
05/20/2024,20:25:48:597,426.000,24.96,53.88,42.71,,
05/20/2024,20:25:49:97,426.500,24.96,53.89,42.71,,
05/20/2024,20:25:49:597,427.000,24.97,53.90,42.72,,
05/20/2024,20:25:50:97,427.500,24.97,53.91,42.73,,
05/20/2024,20:25:50:597,428.000,24.98,53.91,42.74,,
05/20/2024,20:25:51:97,428.500,24.98,53.92,42.74,,
05/20/2024,20:25:51:597,429.000,24.98,53.92,42.75,,
05/20/2024,20:25:52:97,429.500,24.99,53.93,42.76,,
05/20/2024,20:25:52:597,430.000,25.00,53.94,42.77,,
05/20/2024,20:25:53:97,430.500,25.00,53.94,42.78,,
05/20/2024,20:25:53:597,431.000,25.01,53.95,42.79,,
05/20/2024,20:25:54:97,431.500,25.01,53.96,42.79,,
05/20/2024,20:25:54:597,432.000,25.02,53.96,42.80,,
05/20/2024,20:25:55:97,432.500,25.03,53.96,42.80,,
05/20/2024,20:25:55:597,433.000,25.04,53.97,42.81,,
05/20/2024,20:25:56:97,433.500,25.04,53.97,42.82,,
05/20/2024,20:25:56:597,434.000,25.04,53.98,42.83,,
05/20/2024,20:25:57:97,434.500,25.05,53.99,42.83,,
05/20/2024,20:25:57:597,435.000,25.05,54.00,42.84,,
05/20/2024,20:25:58:97,435.500,25.06,54.00,42.85,,
05/20/2024,20:25:58:597,436.000,25.06,54.01,42.85,,
05/20/2024,20:25:59:97,436.500,25.07,54.01,42.86,,
05/20/2024,20:25:59:597,437.000,25.08,54.02,42.87,,
05/20/2024,20:26:00:97,437.500,25.08,54.02,42.88,,
05/20/2024,20:26:00:597,438.000,25.09,54.03,42.89,,
05/20/2024,20:26:01:97,438.500,25.09,54.04,42.89,,
05/20/2024,20:26:01:597,439.000,25.09,54.05,42.90,,
05/20/2024,20:26:02:97,439.500,25.10,54.05,42.91,,
05/20/2024,20:26:02:597,440.000,25.10,54.05,42.92,,
05/20/2024,20:26:03:97,440.500,25.11,54.06,42.93,,
05/20/2024,20:26:03:597,441.000,25.11,54.07,42.94,,
05/20/2024,20:26:04:97,441.500,25.12,54.07,42.94,,
05/20/2024,20:26:04:597,442.000,25.12,54.08,42.95,,
05/20/2024,20:26:05:97,442.500,25.13,54.09,42.96,,
05/20/2024,20:26:05:597,443.000,25.14,54.09,42.97,,
05/20/2024,20:26:06:97,443.500,25.14,54.10,42.97,,
05/20/2024,20:26:06:597,444.000,25.14,54.11,42.98,,
05/20/2024,20:26:07:97,444.500,25.15,54.11,42.99,,
05/20/2024,20:26:07:597,445.000,25.16,54.11,42.99,,
05/20/2024,20:26:08:97,445.500,25.16,54.12,43.00,,
05/20/2024,20:26:08:597,446.000,25.17,54.12,43.01,,
05/20/2024,20:26:09:97,446.500,25.17,54.13,43.02,,
05/20/2024,20:26:09:597,447.000,25.17,54.13,43.02,,
05/20/2024,20:26:10:97,447.500,25.18,54.14,43.03,,
05/20/2024,20:26:10:597,448.000,25.18,54.15,43.04,,
05/20/2024,20:26:11:97,448.500,25.19,54.15,43.04,,
05/20/2024,20:26:11:597,449.000,25.19,54.15,43.05,,
05/20/2024,20:26:12:97,449.500,25.20,54.16,43.05,,
05/20/2024,20:26:12:597,450.000,25.20,54.17,43.06,,
05/20/2024,20:26:13:97,450.500,25.21,54.17,43.06,,
05/20/2024,20:26:13:597,451.000,25.21,54.18,43.07,,
05/20/2024,20:26:14:97,451.500,25.22,54.19,43.08,,
05/20/2024,20:26:14:597,452.000,25.22,54.19,43.09,,
05/20/2024,20:26:15:97,452.500,25.22,54.20,43.10,,
05/20/2024,20:26:15:597,453.000,25.23,54.20,43.10,,
05/20/2024,20:26:16:97,453.500,25.23,54.21,43.11,,
05/20/2024,20:26:16:597,454.000,25.24,54.21,43.11,,
05/20/2024,20:26:17:97,454.500,25.25,54.22,43.11,,
05/20/2024,20:26:17:597,455.000,25.25,54.22,43.12,,
05/20/2024,20:26:18:97,455.500,25.25,54.22,43.13,,
05/20/2024,20:26:18:597,456.000,25.26,54.23,43.14,,
05/20/2024,20:26:19:97,456.500,25.26,54.24,43.15,,
05/20/2024,20:26:19:597,457.000,25.27,54.24,43.15,,
05/20/2024,20:26:20:97,457.500,25.27,54.25,43.16,,
05/20/2024,20:26:20:597,458.000,25.28,54.26,43.16,,
05/20/2024,20:26:21:97,458.500,25.29,54.26,43.17,,
05/20/2024,20:26:21:597,459.000,25.29,54.27,43.18,,
05/20/2024,20:26:22:97,459.500,25.29,54.27,43.19,,
05/20/2024,20:26:22:597,460.000,25.30,54.28,43.19,,
05/20/2024,20:26:23:97,460.500,25.30,54.28,43.20,,
05/20/2024,20:26:23:597,461.000,25.30,54.28,43.21,,
05/20/2024,20:26:24:97,461.500,25.31,54.29,43.21,,
05/20/2024,20:26:24:597,462.000,25.31,54.30,43.22,,
05/20/2024,20:26:25:97,462.500,25.32,54.30,43.22,,
05/20/2024,20:26:25:597,463.000,25.32,54.31,43.23,,
05/20/2024,20:26:26:97,463.500,25.32,54.31,43.24,,
05/20/2024,20:26:26:597,464.000,25.33,54.32,43.24,,
05/20/2024,20:26:27:97,464.500,25.33,54.32,43.25,,
05/20/2024,20:26:27:597,465.000,25.34,54.33,43.26,,
05/20/2024,20:26:28:97,465.500,25.34,54.33,43.26,,
05/20/2024,20:26:28:597,466.000,25.35,54.34,43.27,,
05/20/2024,20:26:29:97,466.500,25.36,54.35,43.27,,
05/20/2024,20:26:29:597,467.000,25.36,54.35,43.28,,
05/20/2024,20:26:30:97,467.500,25.37,54.36,43.28,,
05/20/2024,20:26:30:597,468.000,25.37,54.37,43.29,,
05/20/2024,20:26:31:97,468.500,25.38,54.37,43.30,,
05/20/2024,20:26:31:597,469.000,25.38,54.37,43.31,,
05/20/2024,20:26:32:97,469.500,25.39,54.38,43.31,,
05/20/2024,20:26:32:597,470.000,25.39,54.39,43.32,,
05/20/2024,20:26:33:97,470.500,25.39,54.39,43.32,,
05/20/2024,20:26:33:597,471.000,25.40,54.40,43.33,,
05/20/2024,20:26:34:97,471.500,25.40,54.40,43.34,,
05/20/2024,20:26:34:597,472.000,25.40,54.40,43.35,,
05/20/2024,20:26:35:97,472.500,25.41,54.40,43.35,,
05/20/2024,20:26:35:597,473.000,25.42,54.41,43.36,,
05/20/2024,20:26:36:97,473.500,25.42,54.42,43.37,,
05/20/2024,20:26:36:597,474.000,25.42,54.42,43.37,,
05/20/2024,20:26:37:97,474.500,25.43,54.43,43.37,,
05/20/2024,20:26:37:597,475.000,25.43,54.44,43.38,,
05/20/2024,20:26:38:97,475.500,25.44,54.45,43.38,,
05/20/2024,20:26:38:597,476.000,25.44,54.45,43.39,,
05/20/2024,20:26:39:97,476.500,25.45,54.45,43.40,,
05/20/2024,20:26:39:597,477.000,25.45,54.45,43.41,,
05/20/2024,20:26:40:97,477.500,25.46,54.46,43.41,,
05/20/2024,20:26:40:597,478.000,25.46,54.47,43.41,,
05/20/2024,20:26:41:97,478.500,25.47,54.47,43.42,,
05/20/2024,20:26:41:597,479.000,25.47,54.48,43.43,,
05/20/2024,20:26:42:97,479.500,25.48,54.48,43.44,,
05/20/2024,20:26:42:597,480.000,25.48,54.48,43.44,,
05/20/2024,20:26:43:97,480.500,25.49,54.49,43.45,,
05/20/2024,20:26:43:597,481.000,25.50,54.49,43.45,,
05/20/2024,20:26:44:97,481.500,25.50,54.47,43.45,,
05/20/2024,20:26:44:597,482.000,25.51,54.38,43.44,,
05/20/2024,20:26:45:97,482.500,25.51,54.22,43.42,,
05/20/2024,20:26:45:597,483.000,25.51,54.02,43.39,,
05/20/2024,20:26:46:97,483.500,25.51,53.77,43.36,,
05/20/2024,20:26:46:597,484.000,25.52,53.49,43.31,,
05/20/2024,20:26:47:97,484.500,25.52,53.18,43.27,,
05/20/2024,20:26:47:597,485.000,25.52,52.88,43.23,,
05/20/2024,20:26:48:97,485.500,25.52,52.56,43.18,,
05/20/2024,20:26:48:597,486.000,25.53,52.24,43.13,,
05/20/2024,20:26:49:97,486.500,25.53,51.99,43.10,,
05/20/2024,20:26:49:597,487.000,25.53,51.68,43.05,,
05/20/2024,20:26:50:97,487.500,25.53,51.35,42.99,,
05/20/2024,20:26:50:597,488.000,25.54,51.04,42.93,,
05/20/2024,20:26:51:97,488.500,25.55,50.73,42.87,,
05/20/2024,20:26:51:597,489.000,25.55,50.43,42.81,,
05/20/2024,20:26:52:97,489.500,25.55,50.14,42.75,,
05/20/2024,20:26:52:597,490.000,25.55,49.85,42.69,,
05/20/2024,20:26:53:97,490.500,25.55,49.56,42.63,,
05/20/2024,20:26:53:597,491.000,25.55,49.29,42.56,,
05/20/2024,20:26:54:97,491.500,25.55,49.02,42.49,,
05/20/2024,20:26:54:597,492.000,25.56,48.83,42.43,,
05/20/2024,20:26:55:97,492.500,25.56,48.58,42.36,,
05/20/2024,20:26:55:597,493.000,25.56,48.32,42.29,,
05/20/2024,20:26:56:97,493.500,25.57,48.08,42.22,,
05/20/2024,20:26:56:597,494.000,25.57,47.83,42.15,,
05/20/2024,20:26:57:97,494.500,25.57,47.60,42.09,,
05/20/2024,20:26:57:597,495.000,25.58,47.36,42.02,,
05/20/2024,20:26:58:97,495.500,25.58,47.13,41.94,,
05/20/2024,20:26:58:597,496.000,25.58,46.91,41.86,,
05/20/2024,20:26:59:97,496.500,25.58,46.69,41.79,,
05/20/2024,20:26:59:597,497.000,25.59,46.48,41.71,,
05/20/2024,20:27:00:97,497.500,25.59,46.33,41.66,,
05/20/2024,20:27:00:597,498.000,25.59,46.12,41.57,,
05/20/2024,20:27:01:97,498.500,25.60,45.92,41.49,,
05/20/2024,20:27:01:597,499.000,25.60,45.72,41.42,,
05/20/2024,20:27:02:97,499.500,25.60,45.53,41.34,,
05/20/2024,20:27:02:597,500.000,25.60,45.34,41.27,,
05/20/2024,20:27:03:97,500.500,25.61,45.15,41.18,,
05/20/2024,20:27:03:597,501.000,25.61,44.96,41.11,,
05/20/2024,20:27:04:97,501.500,25.61,44.78,41.03,,
05/20/2024,20:27:04:597,502.000,25.61,44.60,40.96,,
05/20/2024,20:27:05:97,502.500,25.61,44.48,40.90,,
05/20/2024,20:27:05:597,503.000,25.61,44.31,40.82,,
05/20/2024,20:27:06:97,503.500,25.62,44.15,40.74,,
05/20/2024,20:27:06:597,504.000,25.62,43.98,40.66,,
05/20/2024,20:27:07:97,504.500,25.62,43.82,40.58,,
05/20/2024,20:27:07:597,505.000,25.63,43.66,40.51,,
05/20/2024,20:27:08:97,505.500,25.63,43.49,40.43,,
05/20/2024,20:27:08:597,506.000,25.63,43.33,40.35,,
05/20/2024,20:27:09:97,506.500,25.64,43.19,40.27,,
05/20/2024,20:27:09:597,507.000,25.64,43.04,40.20,,
05/20/2024,20:27:10:97,507.500,25.64,42.89,40.12,,
05/20/2024,20:27:10:597,508.000,25.64,42.79,40.07,,
05/20/2024,20:27:11:97,508.500,25.64,42.64,40.00,,
05/20/2024,20:27:11:597,509.000,25.64,42.50,39.92,,
05/20/2024,20:27:12:97,509.500,25.65,42.36,39.84,,
05/20/2024,20:27:12:597,510.000,25.65,42.22,39.78,,
05/20/2024,20:27:13:97,510.500,25.66,42.09,39.70,,
05/20/2024,20:27:13:597,511.000,25.66,41.96,39.63,,
05/20/2024,20:27:14:97,511.500,25.66,41.83,39.56,,
05/20/2024,20:27:14:597,512.000,25.66,41.70,39.48,,
05/20/2024,20:27:15:97,512.500,25.66,41.56,39.41,,
05/20/2024,20:27:15:597,513.000,25.67,41.43,39.34,,
05/20/2024,20:27:16:97,513.500,25.67,41.34,39.28,,
05/20/2024,20:27:16:597,514.000,25.67,41.22,39.21,,
05/20/2024,20:27:17:97,514.500,25.68,41.10,39.14,,
05/20/2024,20:27:17:597,515.000,25.68,40.98,39.07,,
05/20/2024,20:27:18:97,515.500,25.68,40.87,39.00,,
05/20/2024,20:27:18:597,516.000,25.68,40.76,38.94,,
05/20/2024,20:27:19:97,516.500,25.68,40.64,38.87,,
05/20/2024,20:27:19:597,517.000,25.69,40.52,38.80,,
05/20/2024,20:27:20:97,517.500,25.69,40.41,38.74,,
05/20/2024,20:27:20:597,518.000,25.69,40.30,38.67,,
05/20/2024,20:27:21:97,518.500,25.69,40.19,38.61,,
05/20/2024,20:27:21:597,519.000,25.69,40.11,38.56,,
05/20/2024,20:27:22:97,519.500,25.69,40.00,38.49,,
05/20/2024,20:27:22:597,520.000,25.69,39.90,38.42,,
05/20/2024,20:27:23:97,520.500,25.70,39.79,38.36,,
05/20/2024,20:27:23:597,521.000,25.70,39.70,38.29,,
05/20/2024,20:27:24:97,521.500,25.70,39.60,38.22,,
05/20/2024,20:27:24:597,522.000,25.71,39.50,38.16,,
05/20/2024,20:27:25:97,522.500,25.70,39.40,38.10,,
05/20/2024,20:27:25:597,523.000,25.71,39.31,38.03,,
05/20/2024,20:27:26:97,523.500,25.71,39.22,37.97,,
05/20/2024,20:27:26:597,524.000,25.71,39.13,37.90,,
05/20/2024,20:27:27:97,524.500,25.71,39.05,37.86,,
05/20/2024,20:27:27:597,525.000,25.71,38.96,37.80,,
05/20/2024,20:27:28:97,525.500,25.71,38.87,37.74,,
05/20/2024,20:27:28:597,526.000,25.72,38.78,37.68,,
05/20/2024,20:27:29:97,526.500,25.72,38.70,37.62,,
05/20/2024,20:27:29:597,527.000,25.72,38.61,37.56,,
05/20/2024,20:27:30:97,527.500,25.72,38.53,37.50,,
05/20/2024,20:27:30:597,528.000,25.72,38.44,37.44,,
05/20/2024,20:27:31:97,528.500,25.72,38.36,37.38,,
05/20/2024,20:27:31:597,529.000,25.73,38.27,37.32,,
05/20/2024,20:27:32:97,529.500,25.73,38.19,37.26,,
05/20/2024,20:27:32:597,530.000,25.73,38.13,37.22,,
05/20/2024,20:27:33:97,530.500,25.73,38.04,37.16,,
05/20/2024,20:27:33:597,531.000,25.73,37.96,37.11,,
05/20/2024,20:27:34:97,531.500,25.74,37.88,37.05,,
05/20/2024,20:27:34:597,532.000,25.74,37.80,36.99,,
05/20/2024,20:27:35:97,532.500,25.74,37.72,36.94,,
05/20/2024,20:27:35:597,533.000,25.74,37.65,36.88,,
05/20/2024,20:27:36:97,533.500,25.75,37.58,36.83,,
05/20/2024,20:27:36:597,534.000,25.75,37.50,36.77,,
05/20/2024,20:27:37:97,534.500,25.75,37.43,36.72,,
05/20/2024,20:27:37:597,535.000,25.75,37.36,36.66,,
05/20/2024,20:27:38:97,535.500,25.75,37.30,36.63,,
05/20/2024,20:27:38:597,536.000,25.75,37.23,36.57,,
05/20/2024,20:27:39:97,536.500,25.75,37.15,36.51,,
05/20/2024,20:27:39:597,537.000,25.75,37.08,36.46,,
05/20/2024,20:27:40:97,537.500,25.76,37.01,36.41,,
05/20/2024,20:27:40:597,538.000,25.76,36.94,36.36,,
05/20/2024,20:27:41:97,538.500,25.76,36.86,36.31,,
05/20/2024,20:27:41:597,539.000,25.76,36.80,36.25,,
05/20/2024,20:27:42:97,539.500,25.76,36.73,36.21,,
05/20/2024,20:27:42:597,540.000,25.76,36.68,36.17,,
05/20/2024,20:27:43:97,540.500,25.76,36.62,36.11,,
05/20/2024,20:27:43:597,541.000,25.77,36.55,36.06,,
05/20/2024,20:27:44:97,541.500,25.77,36.49,36.01,,
05/20/2024,20:27:44:597,542.000,25.77,36.43,35.97,,
05/20/2024,20:27:45:97,542.500,25.77,36.36,35.92,,
05/20/2024,20:27:45:597,543.000,25.77,36.29,35.87,,
05/20/2024,20:27:46:97,543.500,25.77,36.23,35.83,,
05/20/2024,20:27:46:597,544.000,25.77,36.16,35.77,,
05/20/2024,20:27:47:97,544.500,25.77,36.10,35.73,,
05/20/2024,20:27:47:597,545.000,25.78,36.05,35.70,,
05/20/2024,20:27:48:97,545.500,25.78,36.00,35.65,,
05/20/2024,20:27:48:597,546.000,25.78,35.94,35.60,,
05/20/2024,20:27:49:97,546.500,25.78,35.88,35.55,,
05/20/2024,20:27:49:597,547.000,25.78,35.82,35.51,,
05/20/2024,20:27:50:97,547.500,25.78,35.76,35.46,,
05/20/2024,20:27:50:597,548.000,25.78,35.70,35.41,,
05/20/2024,20:27:51:97,548.500,25.78,35.64,35.37,,
05/20/2024,20:27:51:597,549.000,25.78,35.58,35.33,,
05/20/2024,20:27:52:97,549.500,25.78,35.54,35.28,,
05/20/2024,20:27:52:597,550.000,25.79,35.48,35.23,,
05/20/2024,20:27:53:97,550.500,25.79,35.44,35.20,,
05/20/2024,20:27:53:597,551.000,25.79,35.38,35.15,,
05/20/2024,20:27:54:97,551.500,25.79,35.32,35.11,,
05/20/2024,20:27:54:597,552.000,25.79,35.26,35.07,,
05/20/2024,20:27:55:97,552.500,25.79,35.20,35.03,,
05/20/2024,20:27:55:597,553.000,25.79,35.15,34.99,,
05/20/2024,20:27:56:97,553.500,25.79,35.10,34.94,,
05/20/2024,20:27:56:597,554.000,25.79,35.05,34.89,,
05/20/2024,20:27:57:97,554.500,25.79,35.00,34.84,,
05/20/2024,20:27:57:597,555.000,25.79,34.94,34.80,,
05/20/2024,20:27:58:97,555.500,25.79,34.88,34.76,,
05/20/2024,20:27:58:597,556.000,25.79,34.84,34.73,,
05/20/2024,20:27:59:97,556.500,25.79,34.79,34.70,,
05/20/2024,20:27:59:597,557.000,25.79,34.74,34.66,,
05/20/2024,20:28:00:97,557.500,25.80,34.70,34.62,,
05/20/2024,20:28:00:597,558.000,25.80,34.65,34.57,,
05/20/2024,20:28:01:97,558.500,25.79,34.60,34.52,,
05/20/2024,20:28:01:597,559.000,25.80,34.55,34.48,,
05/20/2024,20:28:02:97,559.500,25.79,34.50,34.45,,
05/20/2024,20:28:02:597,560.000,25.80,34.45,34.41,,
05/20/2024,20:28:03:97,560.500,25.80,34.40,34.37,,
05/20/2024,20:28:03:597,561.000,25.80,34.35,34.34,,
05/20/2024,20:28:04:97,561.500,25.80,34.31,34.31,,
05/20/2024,20:28:04:597,562.000,25.80,34.26,34.27,,
05/20/2024,20:28:05:97,562.500,25.80,34.21,34.23,,
05/20/2024,20:28:05:597,563.000,25.80,34.17,34.19,,
05/20/2024,20:28:06:97,563.500,25.80,34.13,34.15,,
05/20/2024,20:28:06:597,564.000,25.80,34.09,34.10,,
05/20/2024,20:28:07:97,564.500,25.80,34.05,34.07,,
05/20/2024,20:28:07:597,565.000,25.80,34.00,34.03,,
05/20/2024,20:28:08:97,565.500,25.80,33.96,34.00,,
05/20/2024,20:28:08:597,566.000,25.80,33.92,33.96,,
05/20/2024,20:28:09:97,566.500,25.80,33.88,33.93,,
05/20/2024,20:28:09:597,567.000,25.80,33.84,33.89,,
05/20/2024,20:28:10:97,567.500,25.80,33.79,33.86,,
05/20/2024,20:28:10:597,568.000,25.80,33.75,33.82,,
05/20/2024,20:28:11:97,568.500,25.80,33.71,33.79,,
05/20/2024,20:28:11:597,569.000,25.80,33.66,33.76,,
05/20/2024,20:28:12:97,569.500,25.80,33.62,33.71,,
05/20/2024,20:28:12:597,570.000,25.80,33.58,33.67,,
05/20/2024,20:28:13:97,570.500,25.80,33.54,33.65,,
05/20/2024,20:28:13:597,571.000,25.80,33.50,33.61,,
05/20/2024,20:28:14:97,571.500,25.80,33.46,33.57,,
05/20/2024,20:28:14:597,572.000,25.80,33.43,33.54,,
05/20/2024,20:28:15:97,572.500,25.80,33.39,33.51,,
05/20/2024,20:28:15:597,573.000,25.80,33.35,33.49,,
05/20/2024,20:28:16:97,573.500,25.80,33.30,33.46,,
05/20/2024,20:28:16:597,574.000,25.80,33.27,33.41,,
05/20/2024,20:28:17:97,574.500,25.80,33.23,33.38,,
05/20/2024,20:28:17:597,575.000,25.80,33.18,33.35,,
05/20/2024,20:28:18:97,575.500,25.80,33.13,33.32,,
05/20/2024,20:28:18:597,576.000,25.80,33.09,33.29,,
05/20/2024,20:28:19:97,576.500,25.80,33.06,33.25,,
05/20/2024,20:28:19:597,577.000,25.80,33.01,33.22,,
05/20/2024,20:28:20:97,577.500,25.80,32.98,33.20,,
05/20/2024,20:28:20:597,578.000,25.80,32.95,33.17,,
05/20/2024,20:28:21:97,578.500,25.80,32.91,33.14,,
05/20/2024,20:28:21:597,579.000,25.80,32.87,33.11,,
05/20/2024,20:28:22:97,579.500,25.79,32.84,33.07,,
05/20/2024,20:28:22:597,580.000,25.79,32.80,33.04,,
05/20/2024,20:28:23:97,580.500,25.79,32.77,33.01,,
05/20/2024,20:28:23:597,581.000,25.80,32.74,32.97,,
05/20/2024,20:28:24:97,581.500,25.79,32.70,32.94,,
05/20/2024,20:28:24:597,582.000,25.80,32.66,32.91,,
05/20/2024,20:28:25:97,582.500,25.80,32.63,32.88,,
05/20/2024,20:28:25:597,583.000,25.80,32.61,32.85,,
05/20/2024,20:28:26:97,583.500,25.79,32.57,32.81,,
05/20/2024,20:28:26:597,584.000,25.80,32.54,32.78,,
05/20/2024,20:28:27:97,584.500,25.79,32.50,32.76,,
05/20/2024,20:28:27:597,585.000,25.79,32.47,32.73,,
05/20/2024,20:28:28:97,585.500,25.79,32.43,32.70,,
05/20/2024,20:28:28:597,586.000,25.79,32.40,32.66,,
05/20/2024,20:28:29:97,586.500,25.79,32.37,32.64,,
05/20/2024,20:28:29:597,587.000,25.79,32.34,32.61,,
05/20/2024,20:28:30:97,587.500,25.79,32.30,32.59,,
05/20/2024,20:28:30:597,588.000,25.79,32.27,32.56,,
05/20/2024,20:28:31:97,588.500,25.78,32.24,32.55,,
05/20/2024,20:28:31:597,589.000,25.78,32.20,32.52,,
05/20/2024,20:28:32:97,589.500,25.78,32.17,32.49,,
05/20/2024,20:28:32:597,590.000,25.78,32.14,32.46,,
05/20/2024,20:28:33:97,590.500,25.78,32.11,32.44,,
05/20/2024,20:28:33:597,591.000,25.79,32.08,32.41,,
05/20/2024,20:28:34:97,591.500,25.78,32.05,32.38,,
05/20/2024,20:28:34:597,592.000,25.78,32.02,32.34,,
05/20/2024,20:28:35:97,592.500,25.78,31.99,32.31,,
05/20/2024,20:28:35:597,593.000,25.78,31.96,32.28,,
05/20/2024,20:28:36:97,593.500,25.78,31.94,32.25,,
05/20/2024,20:28:36:597,594.000,25.78,31.91,32.24,,
05/20/2024,20:28:37:97,594.500,25.78,31.87,32.21,,
05/20/2024,20:28:37:597,595.000,25.78,31.84,32.19,,
05/20/2024,20:28:38:97,595.500,25.78,31.81,32.16,,
05/20/2024,20:28:38:597,596.000,25.77,31.78,32.14,,
05/20/2024,20:28:39:97,596.500,25.77,31.75,32.11,,
05/20/2024,20:28:39:597,597.000,25.77,31.72,32.08,,
05/20/2024,20:28:40:97,597.500,25.77,31.69,32.05,,
05/20/2024,20:28:40:597,598.000,25.77,31.66,32.02,,
05/20/2024,20:28:41:97,598.500,25.77,31.64,31.99,,
05/20/2024,20:28:41:597,599.000,25.77,31.61,31.97,,
05/20/2024,20:28:42:97,599.500,25.77,31.58,31.95,,
05/20/2024,20:28:42:597,600.000,25.77,31.56,31.92,,
05/20/2024,20:28:43:97,600.500,25.77,31.53,31.89,,
05/20/2024,20:28:43:597,601.000,25.77,31.50,31.86,,
05/20/2024,20:28:44:97,601.500,25.77,31.47,31.84,,
05/20/2024,20:28:44:597,602.000,25.76,31.44,31.81,,
05/20/2024,20:28:45:97,602.500,25.76,31.41,31.79,,
05/20/2024,20:28:45:597,603.000,25.76,31.39,31.76,,
05/20/2024,20:28:46:97,603.500,25.76,31.36,31.74,,
05/20/2024,20:28:46:597,604.000,25.76,31.33,31.71,,
05/20/2024,20:28:47:97,604.500,25.76,31.30,31.69,,
05/20/2024,20:28:47:597,605.000,25.76,31.29,31.67,,
05/20/2024,20:28:48:97,605.500,25.76,31.26,31.64,,
05/20/2024,20:28:48:597,606.000,25.76,31.23,31.63,,
05/20/2024,20:28:49:97,606.500,25.76,31.20,31.61,,
05/20/2024,20:28:49:597,607.000,25.75,31.17,31.59,,
05/20/2024,20:28:50:97,607.500,25.75,31.15,31.56,,
05/20/2024,20:28:50:597,608.000,25.75,31.12,31.54,,
05/20/2024,20:28:51:97,608.500,25.75,31.09,31.51,,
05/20/2024,20:28:51:597,609.000,25.75,31.07,31.49,,
05/20/2024,20:28:52:97,609.500,25.75,31.04,31.47,,
05/20/2024,20:28:52:597,610.000,25.75,31.02,31.45,,
05/20/2024,20:28:53:97,610.500,25.74,31.00,31.43,,
05/20/2024,20:28:53:597,611.000,25.74,30.97,31.41,,
05/20/2024,20:28:54:97,611.500,25.74,30.94,31.38,,
05/20/2024,20:28:54:597,612.000,25.74,30.92,31.36,,
05/20/2024,20:28:55:97,612.500,25.74,30.89,31.34,,
05/20/2024,20:28:55:597,613.000,25.74,30.87,31.32,,
05/20/2024,20:28:56:97,613.500,25.74,30.85,31.29,,
05/20/2024,20:28:56:597,614.000,25.74,30.83,31.26,,
05/20/2024,20:28:57:97,614.500,25.73,30.80,31.24,,
05/20/2024,20:28:57:597,615.000,25.73,30.77,31.23,,
05/20/2024,20:28:58:97,615.500,25.73,30.75,31.21,,
05/20/2024,20:28:58:597,616.000,25.73,30.73,31.19,,
05/20/2024,20:28:59:97,616.500,25.73,30.71,31.16,,
05/20/2024,20:28:59:597,617.000,25.72,30.69,31.14,,
05/20/2024,20:29:00:97,617.500,25.72,30.66,31.12,,
05/20/2024,20:29:00:597,618.000,25.72,30.63,31.09,,
05/20/2024,20:29:01:97,618.500,25.72,30.61,31.08,,
05/20/2024,20:29:01:597,619.000,25.72,30.59,31.06,,
05/20/2024,20:29:02:97,619.500,25.72,30.57,31.03,,
05/20/2024,20:29:02:597,620.000,25.72,30.54,31.01,,
05/20/2024,20:29:03:97,620.500,25.72,30.53,31.00,,
05/20/2024,20:29:03:597,621.000,25.71,30.50,30.98,,
05/20/2024,20:29:04:97,621.500,25.71,30.48,30.95,,
05/20/2024,20:29:04:597,622.000,25.71,30.46,30.93,,
05/20/2024,20:29:05:97,622.500,25.71,30.44,30.91,,
05/20/2024,20:29:05:597,623.000,25.70,30.41,30.89,,
05/20/2024,20:29:06:97,623.500,25.70,30.39,30.87,,
05/20/2024,20:29:06:597,624.000,25.70,30.37,30.85,,
05/20/2024,20:29:07:97,624.500,25.70,30.35,30.83,,
05/20/2024,20:29:07:597,625.000,25.70,30.32,30.81,,
05/20/2024,20:29:08:97,625.500,25.70,30.31,30.79,,
05/20/2024,20:29:08:597,626.000,25.70,30.29,30.77,,
05/20/2024,20:29:09:97,626.500,25.70,30.27,30.75,,
05/20/2024,20:29:09:597,627.000,25.70,30.24,30.73,,
05/20/2024,20:29:10:97,627.500,25.69,30.22,30.71,,
05/20/2024,20:29:10:597,628.000,25.69,30.20,30.70,,
05/20/2024,20:29:11:97,628.500,25.69,30.18,30.68,,
05/20/2024,20:29:11:597,629.000,25.69,30.16,30.66,,
05/20/2024,20:29:12:97,629.500,25.68,30.13,30.63,,
05/20/2024,20:29:12:597,630.000,25.68,30.11,30.62,,
05/20/2024,20:29:13:97,630.500,25.68,30.09,30.59,,
05/20/2024,20:29:13:597,631.000,25.68,30.07,30.58,,
05/20/2024,20:29:14:97,631.500,25.68,30.05,30.56,,
05/20/2024,20:29:14:597,632.000,25.68,30.03,30.54,,
05/20/2024,20:29:15:97,632.500,25.68,30.02,30.53,,
05/20/2024,20:29:15:597,633.000,25.68,29.99,30.51,,
05/20/2024,20:29:16:97,633.500,25.68,29.97,30.49,,
05/20/2024,20:29:16:597,634.000,25.67,29.95,30.47,,
